<?xml version="1.0"?>
<ArrayOfApplicationConfigDetails xmlns:xsi="http://www.w3.org/2001/XMLSchema-instance" xmlns:xsd="http://www.w3.org/2001/XMLSchema">
  <ApplicationConfigDetails>
    <ApplicationId>3</ApplicationId>
    <ApplicationName>Stock_exp2</ApplicationName>
    <ApplicationType>StudioWeb</ApplicationType>
    <ConfigItems>
      <ConfigItem>
        <PropertyName>ApplicationName</PropertyName>
        <PropertyValue>Stock_exp2</PropertyValue>
      </ConfigItem>
      <ConfigItem>
        <PropertyName>Text</PropertyName>
        <PropertyValue>Stock_exp2</PropertyValue>
      </ConfigItem>
      <ConfigItem>
        <PropertyName>SignIn</PropertyName>
        <PropertyValue>False</PropertyValue>
      </ConfigItem>
      <ConfigItem>
        <PropertyName>LoginURL</PropertyName>
        <PropertyValue>https://money.rediff.com/index.html</PropertyValue>
      </ConfigItem>
      <ConfigItem>
        <PropertyName>SearchUrl</PropertyName>
        <PropertyValue>https://money.rediff.com/index.html</PropertyValue>
      </ConfigItem>
      <ConfigItem>
        <PropertyName>IsApplicationTracked</PropertyName>
        <PropertyValue>False</PropertyValue>
      </ConfigItem>
      <ConfigItem>
        <PropertyName>PreferredBrowser</PropertyName>
        <PropertyValue>InternetExplorer</PropertyValue>
      </ConfigItem>
      <ConfigItem>
        <PropertyName>IsMultiInstanceAllowed</PropertyName>
        <PropertyValue>True</PropertyValue>
      </ConfigItem>
      <ConfigItem>
        <PropertyName>IsSequentialSignIn</PropertyName>
        <PropertyValue>False</PropertyValue>
      </ConfigItem>
      <ConfigItem>
        <PropertyName>IsSequentialReset</PropertyName>
        <PropertyValue>False</PropertyValue>
      </ConfigItem>
    </ConfigItems>
  </ApplicationConfigDetails>
</ArrayOfApplicationConfigDetails>