<?xml version="1.0"?>
<PackageEntity xmlns:xsi="http://www.w3.org/2001/XMLSchema-instance" xmlns:xsd="http://www.w3.org/2001/XMLSchema">
  <PackageName>Stock_Daily_Update</PackageName>
  <WorkflowEntities>
    <WorkflowEntity>
      <WorkflowId>1</WorkflowId>
      <WorkflowName>Stock_Daily_Update</WorkflowName>
      <ProfileId>2</ProfileId>
      <Type>PROCESS</Type>
      <Status>DEPLOYED</Status>
      <Version>1</Version>
      <ProfileName>Standalone_Profile</ProfileName>
      <ProfileType>Automation</ProfileType>
      <SearchCriteriaXml />
      <CommonId>1</CommonId>
      <Applications>
        <ExportImportIdentity>
          <Id>3</Id>
          <Name>Stock_exp2</Name>
        </ExportImportIdentity>
      </Applications>
      <ReuseWorkflowEntities />
      <IsImportsuccessful>false</IsImportsuccessful>
    </WorkflowEntity>
  </WorkflowEntities>
  <Remarks>Test</Remarks>
  <ExportedBy>LAPTOP-UNKTS81I\PRADYUMNA</ExportedBy>
  <ExportedTime>2018-12-25T20:24:11.1501714+05:30</ExportedTime>
  <StudioVersion>17.5.5</StudioVersion>
  <MachineIp>192.168.154.2</MachineIp>
  <MachineName>192.168.154.2</MachineName>
</PackageEntity>