<?xml version="1.0" encoding="utf-8"?>
<AEPackageMetainfo xmlns:xsi="http://www.w3.org/2001/XMLSchema-instance" xmlns:xsd="http://www.w3.org/2001/XMLSchema">
  <ResourceId>1</ResourceId>
  <Name>Stock_Daily_Update</Name>
  <Description>This is a bot used to keep a track of the current BSE and NSE stocks of the desired companies specified by the user .</Description>
  <Author>Alisha Mohanty</Author>
  <PublishedBy>Standalone_Studio</PublishedBy>
  <PublishedDate>2018-12-25T14:51:43.127</PublishedDate>
  <Guid>75065f31-2988-4fe1-9062-b8bb568a7c79</Guid>
  <Type>AEPROCESSBOT</Type>
  <TargetSystem />
  <OperatingSystem />
  <BotType />
  <ProfileId>0</ProfileId>
  <IsProfileAssigned>false</IsProfileAssigned>
  <ImageName>Stock_Daily_Update.jpg</ImageName>
  <ReadMeFileName>Readme.txt</ReadMeFileName>
</AEPackageMetainfo>